insert into C2_ENTITIES(ENTITY_ID, VERSION) values (1, 0);
insert into C2_ITEMS(ITEM_ID, LABEL) values (1, 'HW/MON/LCD/12/24/1987/1');
insert into C2_ITEMS_UNIVERSAL(ITEM_ID, CLASS_ID) values (1, 121);
insert into C2_CLASS_ATTRIBUTE_VALUES(ENTITY_ID, ATTRIBITE_ID, "VALUE") values (1, 1, 'Samsung');
insert into C2_CLASS_ATTRIBUTE_VALUES(ENTITY_ID, ATTRIBITE_ID, "VALUE") values (1, 2, 'SyncMaster SME1920N');
insert into C2_CLASS_ATTRIBUTE_VALUES(ENTITY_ID, ATTRIBITE_ID, "VALUE") values (1, 3, '23GR3BEWVB');
insert into C2_CLASS_ATTRIBUTE_VALUES(ENTITY_ID, ATTRIBITE_ID, "VALUE") values (1, 20, '19"');
insert into C2_CLASS_ATTRIBUTE_VALUES(ENTITY_ID, ATTRIBITE_ID, "VALUE") values (1, 21, '16:9');
insert into C2_CLASS_ATTRIBUTE_VALUES(ENTITY_ID, ATTRIBITE_ID, "VALUE") values (1, 22, '1360x768');
insert into C2_CLASS_ATTRIBUTE_VALUES(ENTITY_ID, ATTRIBITE_ID, "VALUE") values (1, 30, 'TFT/TN');

insert into C2_ENTITIES(ENTITY_ID, VERSION) values (2, 0);
insert into C2_ITEMS(ITEM_ID, LABEL) values (2, 'HW/MON/LCD/12/24/1987/2');
insert into C2_ITEMS_UNIVERSAL(ITEM_ID, CLASS_ID) values (2, 121);
insert into C2_CLASS_ATTRIBUTE_VALUES(ENTITY_ID, ATTRIBITE_ID, "VALUE") values (2, 1, 'Samsung');
insert into C2_CLASS_ATTRIBUTE_VALUES(ENTITY_ID, ATTRIBITE_ID, "VALUE") values (2, 2, 'SyncMaster SME1920N');
insert into C2_CLASS_ATTRIBUTE_VALUES(ENTITY_ID, ATTRIBITE_ID, "VALUE") values (2, 3, '23GR3BEWVB');
insert into C2_CLASS_ATTRIBUTE_VALUES(ENTITY_ID, ATTRIBITE_ID, "VALUE") values (2, 20, '19"');
insert into C2_CLASS_ATTRIBUTE_VALUES(ENTITY_ID, ATTRIBITE_ID, "VALUE") values (2, 21, '16:9');
insert into C2_CLASS_ATTRIBUTE_VALUES(ENTITY_ID, ATTRIBITE_ID, "VALUE") values (2, 22, '1360x768');
insert into C2_CLASS_ATTRIBUTE_VALUES(ENTITY_ID, ATTRIBITE_ID, "VALUE") values (2, 30, 'TFT/TN');

